,sectarian_language,quoted_sources,bias,factive_verbs,implicative_verbs,hedges,report_verbs,assertive_verbs,consistency_score
count,804.0,804.0,804.0,804.0,804.0,804.0,804.0,804.0,804.0
mean,0.020718668446517412,0.7555970149253731,0.2891138046019901,0.001331398919154229,0.0021543988258706467,0.005874980794776119,0.0443099259141791,0.031244644899253736,0.18826628535074627
std,0.022755986072876665,0.3050525411185489,0.04885916902955876,0.0027729457156706037,0.00381975426573058,0.006996325287960096,0.018539768089501276,0.016795769124370835,0.4158382169966309
min,0.0,0.0,0.090909091,0.0,0.0,0.0,0.0,0.0,-1.0
25%,0.0,0.5,0.25710295275,0.0,0.0,0.0,0.032214939,0.01951856725,0.061024177
50%,0.012692127000000001,1.0,0.28989794999999996,0.0,0.0,0.0046189625000000005,0.042438536,0.029850746,0.116439032
75%,0.036613336499999996,1.0,0.31974171775000004,0.0,0.0036798625,0.008953562,0.055555556,0.04063664225,0.24804596425
max,0.149606299,1.0,0.484210526,0.02,0.02745098,0.046153846,0.111111111,0.094736842,5.043260318
