FP,ada_boost,decision_tree,extra_trees,logistic_regression,random_forest
{'0.00<sectarian_language<0.01'},0.13513513513513514,0.05405405405405406,0.13513513513513514,0.13513513513513514,0.13513513513513514
"{'0.00<factive_verbs<0.02', '0.00<sectarian_language<0.01'}",0.13513513513513514,0.05405405405405406,0.13513513513513514,0.13513513513513514,0.13513513513513514
{'0.00<hedges<0.00'},-1.0,-1.0,-1.0,-1.0,-1.0
"{'0.00<factive_verbs<0.02', '0.00<hedges<0.00'}",-1.0,-1.0,-1.0,-1.0,-1.0
{'1.00<quoted_sources<1.00'},-1.0,-1.0,-1.0,-1.0,-1.0
"{'0.00<factive_verbs<0.02', '1.00<quoted_sources<1.00'}",-1.0,-1.0,-1.0,-1.0,-1.0
{'0.00<implicative_verbs<0.00'},-1.0,-1.0,-1.0,-1.0,-1.0
"{'0.00<implicative_verbs<0.00', '0.00<factive_verbs<0.02'}",-1.0,-1.0,-1.0,-1.0,-1.0
{'0.00<factive_verbs<0.02'},0.13664596273291926,0.08695652173913043,0.14285714285714285,0.16770186335403728,0.14285714285714285
