FP,ada_boost,decision_tree,extra_trees,logistic_regression,random_forest
{'0.0<hedges<0.0046189625000000005'},0.13253012048192772,0.08433734939759036,0.1686746987951807,0.18072289156626506,0.14457831325301204
"{'0.0<factive_verbs<0.02', '0.0<hedges<0.0046189625000000005'}",0.13414634146341464,0.08536585365853659,0.17073170731707318,0.18292682926829268,0.14634146341463414
{'0.0<sectarian_language<0.012692127000000001'},0.1095890410958904,0.1095890410958904,0.1643835616438356,0.1095890410958904,0.1232876712328767
"{'0.0<factive_verbs<0.02', '0.0<sectarian_language<0.012692127000000001'}",0.1111111111111111,0.1111111111111111,0.16666666666666666,0.1111111111111111,0.125
{'0.0<implicative_verbs<0.0036798625'},0.136,0.096,0.136,0.176,0.144
"{'0.0<factive_verbs<0.02', '0.0<implicative_verbs<0.0036798625'}",0.13709677419354838,0.0967741935483871,0.13709677419354838,0.1774193548387097,0.14516129032258066
{'0.0<factive_verbs<0.02'},0.1375,0.0875,0.14375,0.16875,0.14375
